id,A_completed,A_turns,A_t1_asks,A_t1_drafts,A_files,A_verified_all,A_selfscan_all,A_values,A_gate_failed_files,A_missing,B_completed,B_turns,B_t1_asks,B_t1_drafts,B_files,B_verified_all,B_selfscan_all,B_values,B_gate_failed_files,B_missing,differs
SBG-001,True,1,False,True,1,True,True,11/12,0,$quick,True,1,False,True,1,True,True,11/12,0,$quick,
SBG-002,True,2,True,False,2,True,True,17/18,0,$bug,True,2,True,False,2,True,True,16/18,0,$bug; €3.00,values
SBG-003,True,2,True,False,2,True,True,22/23,0,$b,True,2,True,False,2,True,True,21/23,0,$b; reminder-late,values
SDK-001,True,2,False,True,1,True,True,0/1,1,context/,True,2,False,True,1,True,True,1/1,1,,values
SDK-002,True,2,True,False,2,True,True,0/1,0,context/,True,2,True,False,2,True,True,0/1,0,context/,
SDK-003,True,2,True,False,2,True,True,1/1,0,,True,2,True,False,2,False,False,1/1,0,,"verified_all,selfscan_all"
SDK-004,True,2,True,False,2,True,True,2/2,0,,True,2,True,False,2,True,True,2/2,0,,
SEP-001,True,2,True,False,2,False,True,8/8,0,,True,2,True,False,2,True,True,8/8,0,,verified_all
SEP-002,True,2,True,False,2,True,True,7/7,0,,True,2,True,False,2,True,True,7/7,0,,
SEP-003,True,1,False,True,1,False,True,3/4,0,$e,True,1,False,True,1,True,True,3/4,0,$e,verified_all
SID-001,True,2,True,False,2,True,True,4/4,0,,True,2,True,False,2,True,True,4/4,0,,
SIR-001,True,2,True,False,2,False,True,3/3,0,,True,2,True,False,2,False,True,3/3,0,,
SIR-002,True,2,True,False,2,True,True,0/1,0,50 items,True,2,True,False,2,True,True,0/1,0,50 items,
SST-001,True,2,True,False,2,True,True,11/15,0," line, and writes no draft. Turn 2 saves ;  read-back line and the ; ## Delivery; , reads it back, replies with its path, its ",True,2,True,False,2,True,True,11/15,0," line, and writes no draft. Turn 2 saves ;  read-back line and the ; ## Delivery; , reads it back, replies with its path, its ",
SST-002,True,2,True,False,2,True,True,18/20,0,#### External dependencies; $story,True,2,True,False,2,True,True,19/20,0,$story,values
SST-003,True,2,True,False,2,True,True,8/11,0,$s; **Checklist**; - [ ],True,2,False,True,1,True,True,7/11,0,$s; **Checklist**; - [ ]; TBD...,"t1_asks,t1_drafts,files,values"
SST-004,True,2,True,False,6,True,True,27/34,0," order, each linking its sibling as ; #### **References**; $story; **Parent task**; 1 min, 5 min, 15 min, 1 h, 6 h; 5 attempts; Customer - Orders - Order tracking",True,2,True,False,6,True,True,27/34,0," order, each linking its sibling as ; #### **References**; $story; **Parent task**; 1 min, 5 min, 15 min, 1 h, 6 h; 5 attempts; Customer - Orders - Order tracking",
STK-001,True,1,False,True,1,False,True,9/10,0,$quick,True,1,False,True,1,True,True,9/10,0,$quick,verified_all
STK-002,True,2,True,False,2,True,True,12/15,0,$task; 14 nights; 365 days,True,2,False,True,1,False,True,14/15,0,$task,"t1_asks,t1_drafts,files,verified_all,values"
STK-003,True,2,True,False,2,True,True,6/9,0,$t; $task; polling only,True,2,True,False,2,True,True,5/9,0,$t; $task; polling only; rejected,values
STK-004,True,2,True,False,2,True,True,2/3,0,$task,True,2,False,True,1,True,True,2/3,0,$task,"t1_asks,t1_drafts,files"
STK-005,True,2,True,False,2,True,True,6/8,0,$task; $task --subtask,True,2,True,False,2,True,True,6/8,0,$task; $task --subtask,
STK-006,True,2,True,False,2,True,True,12/12,0,,True,2,True,False,2,True,True,12/12,0,,
